id,first_name,last_name,email,phone
1,Egbert,Sinnat,esinnat0@wisc.edu,508-379-2586
2,Anabelle,Mohun,amohun1@sogou.com,813-801-9017
3,Urbano,Baxter,ubaxter2@so-net.ne.jp,833-638-1486
4,Morgan,O'Beirne,mobeirne3@wix.com,888-178-5826
5,Domini,Oddy,doddy4@github.com,242-595-3342
6,Bondon,Besnardeau,bbesnardeau5@myspace.com,986-183-3156
7,Maryjo,Folkes,mfolkes6@weather.com,545-777-1065
8,Marna,Grumbridge,mgrumbridge7@purevolume.com,768-612-6828
9,Maurine,Cankett,mcankett8@chronoengine.com,688-196-1679
10,Ellette,Waggatt,ewaggatt9@buzzfeed.com,328-179-1244
11,Lucilia,Conway,lconwaya@hc360.com,555-448-9221
12,Lonnard,Spurway,lspurwayb@noaa.gov,494-603-2497
13,Fraze,,fkyberdc@europa.eu,266-357-1644
14,Fayre,Hansie,fhansied@sciencedaily.com,993-479-1676
15,Feodora,Larrington,flarringtone@fotki.com,781-623-4209
16,Jard,Gerant,jgerantf@cloudflare.com,930-246-9507
17,Kimbra,Paszak,,219-846-8246
18,Jessamyn,Palluschek,jpalluschekh@pen.io,495-946-4930
19,Gayla,Gersam,ggersami@theglobeandmail.com,766-542-0057
20,Karylin,Lawrenson,klawrensonj@europa.eu,764-123-9901
21,Jay,Langstone,jlangstonek@home.pl,860-253-1492
22,Neville,Storch,nstorchl@boston.com,740-627-5356
23,Milli,Undrill,mundrillm@sciencedaily.com,611-255-5630
24,Carey,Garard,cgarardn@businessinsider.com,370-676-6545
25,Aundrea,Vedyashkin,avedyashkino@irs.gov,913-160-5055
26,Mei,Lemmon,mlemmonp@kickstarter.com,548-627-8116
27,Jacqueline,Pembry,jpembryq@ucoz.ru,974-407-5274
28,Leicester,Trevon,ltrevonr@over-blog.com,301-163-0089
29,Waiter,Laflin,wlaflins@nsw.gov.au,388-158-4642
30,Emmie,Dunphy,edunphyt@google.ca,576-891-6014
31,Andonis,Bariball,abariballu@odnoklassniki.ru,194-351-7825
32,Dur,Antonelli,dantonelliv@constantcontact.com,520-183-3762
33,Bevan,Josifovitz,bjosifovitzw@g.co,148-519-3963
34,Lucias,Simonin,lsimoninx@1688.com,139-971-1804
35,Frieda,Gilbane,fgilbaney@skyrock.com,204-628-9753
36,Dionis,Rowston,drowstonz@home.pl,459-942-0936
37,Carla,Nayer,cnayer10@archive.org,416-826-4469
38,Emmaline,Cogle,ecogle11@histats.com,260-381-1958
39,Zach,Pidgeley,zpidgeley12@alexa.com,613-981-6581
40,Loraine,Lamming,llamming13@indiegogo.com,566-698-7277
41,Marnie,MacGuffog,mmacguffog14@weebly.com,324-355-6618
42,Maddie,Jolin,mjolin15@soup.io,670-413-7700
43,Shaine,Oliver,soliver16@macromedia.com,429-515-9469
44,Shea,Banger,sbanger17@51.la,419-571-8644
45,Esmaria,Koop,ekoop18@wp.com,656-217-2513
46,Abelard,Grint,agrint19@blogger.com,744-654-5838
47,Alfy,Swinfon,aswinfon1a@ox.ac.uk,269-437-9477
48,Claudine,Stelfox,cstelfox1b@google.de,953-920-7867
49,Janot,Davy,jdavy1c@utexas.edu,293-933-1717
50,Jessalin,Kenewel,jkenewel1d@addthis.com,502-379-8007
51,Maura,Harniman,mharniman1e@mediafire.com,635-633-9288
52,Lou,Tonner,ltonner1f@blinklist.com,797-315-4073
53,Kaile,Cormack,kcormack1g@bravesites.com,545-406-5974
54,Nicolina,Handasyde,nhandasyde1h@cyberchimps.com,812-703-5636
55,Barrett,Buckner,bbuckner1i@etsy.com,641-598-5948
56,Tiphanie,Inkpin,tinkpin1j@twitpic.com,950-149-9806
57,Horton,Wynrahame,hwynrahame1k@dedecms.com,971-607-4988
58,Fulvia,Bartoshevich,fbartoshevich1l@intel.com,146-547-0389
59,Lamont,Blythe,lblythe1m@wired.com,309-804-9417
60,Galvin,Nuemann,gnuemann1n@wiley.com,702-787-5042
61,Crichton,Wickmann,cwickmann1o@macromedia.com,464-509-9576
62,Libbey,Godfree,lgodfree1p@mit.edu,484-800-8995
63,Martica,Cozzi,mcozzi1q@lulu.com,634-169-9127
64,Shela,Merle,smerle1r@dedecms.com,509-336-6468
65,Genia,Lismer,glismer1s@ftc.gov,319-340-0463
66,Ophelia,Roath,oroath1t@freewebs.com,456-226-5690
67,Dennie,Elner,delner1u@fotki.com,305-207-8879
68,Selestina,Caile,scaile1v@networkadvertising.org,139-169-0755
69,Zorah,Gauford,zgauford1w@squarespace.com,619-573-8435
70,Kylila,Roizn,kroizn1x@soundcloud.com,983-248-0389
71,Selena,Glyde,sglyde1y@google.ru,555-126-6586
72,Valeda,Reinmar,vreinmar1z@mit.edu,924-725-3954
73,Ash,Paulson,apaulson20@aboutads.info,126-197-7942
74,Cad,Braikenridge,cbraikenridge21@umn.edu,305-658-4432
75,Cinda,Ipsley,cipsley22@ameblo.jp,219-909-6009
76,Zebulon,Rikel,zrikel23@yolasite.com,524-550-2481
77,Tadeas,Meddemmen,tmeddemmen24@sourceforge.net,876-186-4746
78,Alphard,Hugonin,ahugonin25@meetup.com,977-577-2219
79,Rebeca,McColgan,rmccolgan26@taobao.com,139-933-5908
80,Mitchell,Wong,mwong27@t.co,372-967-4822
81,Wolf,Clemonts,wclemonts28@yellowpages.com,925-495-8142
82,Grazia,Hanscomb,ghanscomb29@jugem.jp,413-328-6624
83,Dimitri,Yewdale,dyewdale2a@dyndns.org,598-772-7229
84,Ivie,Stathers,istathers2b@comsenz.com,502-150-9101
85,Vincent,Frowing,vfrowing2c@bandcamp.com,219-334-0519
86,Carin,Ducham,cducham2d@scientificamerican.com,317-757-3574
87,Abramo,Nurny,anurny2e@gizmodo.com,773-638-7164
88,Amie,Colrein,acolrein2f@indiegogo.com,449-247-2830
89,Sheila,Whitsey,swhitsey2g@wikimedia.org,152-419-8272
90,Alasdair,Lotherington,alotherington2h@canalblog.com,535-519-8261
91,Jennine,Mowsdale,jmowsdale2i@joomla.org,360-358-8955
92,Morgan,Crady,mcrady2j@livejournal.com,565-728-1218
93,Cate,Andric,candric2k@homestead.com,710-583-2589
94,Fredra,Petrillo,fpetrillo2l@marriott.com,377-433-0679
95,Tomasine,Newlan,tnewlan2m@omniture.com,527-281-4966
96,Olimpia,Garfath,ogarfath2n@state.tx.us,762-541-7180
97,Glynnis,Michiel,gmichiel2o@elegantthemes.com,123-968-9781
98,Lazaro,Camelia,lcamelia2p@storify.com,754-252-3551
99,Raychel,Finnemore,rfinnemore2q@dyndns.org,975-627-4767
100,Aldus,Tucsell,atucsell2r@ning.com,147-651-5826
101,Tabatha,Pestridge,tpestridge2s@weibo.com,465-512-3237
102,Elmer,Sobczak,esobczak2t@hud.gov,434-251-4783
103,Rouvin,Lahy,rlahy2u@tumblr.com,711-760-9016
104,Blancha,Yanshin,byanshin2v@4shared.com,340-728-4402
105,Shandee,Zoanetti,szoanetti2w@berkeley.edu,826-435-1498
106,Galen,Cumbridge,gcumbridge2x@is.gd,303-992-5932
107,Otho,Musgrove,omusgrove2y@msn.com,978-481-4891
108,Ivar,Petrina,ipetrina2z@alibaba.com,819-414-5591
109,Heather,Haruard,hharuard30@army.mil,500-150-1034
110,Lorene,Beharrell,lbeharrell31@yellowpages.com,644-543-6798
111,Christen,McBryde,cmcbryde32@google.ca,772-825-6727
112,Belle,Strettell,bstrettell33@a8.net,456-917-7108
113,Gil,Edmons,gedmons34@csmonitor.com,140-360-0629
114,Celinka,Fey,cfey35@miitbeian.gov.cn,232-581-9130
115,Blayne,Lehrmann,blehrmann36@salon.com,483-857-6001
116,Ailyn,Ferrolli,aferrolli37@huffingtonpost.com,242-149-6634
117,Ailina,Starcks,astarcks38@cisco.com,499-683-7173
118,Gottfried,Decort,gdecort39@dot.gov,767-651-4299
119,Tonye,Hutchinson,thutchinson3a@icio.us,447-312-7762
120,Burlie,Petrik,bpetrik3b@rediff.com,605-429-9038
121,Gasper,Moscrop,gmoscrop3c@dedecms.com,815-521-4653
122,Austina,Baughan,abaughan3d@shop-pro.jp,750-732-7844
123,Rina,Sketch,rsketch3e@adobe.com,764-793-9401
124,Grantham,Pien,gpien3f@elegantthemes.com,788-959-3722
125,Stearn,Domengue,sdomengue3g@google.com.br,284-179-5323
126,Codi,Van de Velde,cvandevelde3h@accuweather.com,456-164-9468
127,Shelia,Cornew,scornew3i@ebay.com,163-437-9442
128,Stephanie,Grumble,sgrumble3j@domainmarket.com,173-933-8057
129,Saunders,Causbey,scausbey3k@hatena.ne.jp,602-936-0766
130,Delora,Hudleston,dhudleston3l@auda.org.au,261-761-1036
131,Algernon,Carren,acarren3m@hhs.gov,710-294-7344
132,Inga,Farriar,ifarriar3n@scientificamerican.com,167-198-3037
133,Crawford,Pixton,cpixton3o@opera.com,176-585-6634
134,Gerhard,Skingley,gskingley3p@pcworld.com,385-662-2697
135,Clio,Hallagan,challagan3q@furl.net,687-898-7024
136,Ellie,Rey,erey3r@intel.com,617-418-9827
137,Merill,Rheubottom,mrheubottom3s@cmu.edu,139-617-8642
138,Mariann,Chaldecott,mchaldecott3t@ca.gov,260-143-1128
139,Viva,McIllroy,vmcillroy3u@alexa.com,349-235-0060
140,Darnell,Gumn,dgumn3v@economist.com,711-347-9515
141,Emmaline,Kenelin,ekenelin3w@yolasite.com,705-926-0506
142,Ferd,Cuttin,fcuttin3x@wikimedia.org,445-836-2878
143,Bessy,Calverley,bcalverley3y@digg.com,366-125-0135
144,Annette,Ellerton,aellerton3z@bloglines.com,495-288-7220
145,Minna,Moscon,mmoscon40@google.com,678-179-2415
146,Paddy,O'Cahill,pocahill41@yale.edu,239-396-6575
147,Rogerio,Beazer,rbeazer42@dion.ne.jp,893-793-9900
148,Kathi,Snowding,ksnowding43@discuz.net,385-225-0488
149,Issiah,Branchett,ibranchett44@elpais.com,763-403-2889
150,Rosabelle,Crome,rcrome45@bluehost.com,932-473-3888
151,Bruis,Charrier,bcharrier46@tinypic.com,480-357-5529
152,Madelina,Collingworth,mcollingworth47@google.cn,595-501-9150
153,Bonnee,Itzkovici,bitzkovici48@skype.com,659-664-4111
154,Goldi,Lumbers,glumbers49@google.com.au,749-375-4798
155,Francyne,Tunniclisse,ftunniclisse4a@webeden.co.uk,107-902-6834
156,Gale,Craine,gcraine4b@omniture.com,331-911-0023
157,Manon,Ollerenshaw,mollerenshaw4c@adobe.com,190-105-8548
158,Simone,Stillmann,sstillmann4d@wordpress.org,885-256-5070
159,Tuesday,Thexton,tthexton4e@google.com.br,394-164-2990
160,Karlen,Imbrey,kimbrey4f@msu.edu,641-933-5154
161,Franzen,Kenchington,fkenchington4g@mit.edu,274-542-8250
162,Wileen,Runciman,wrunciman4h@weather.com,513-416-8114
163,Hussein,Humbey,hhumbey4i@slideshare.net,710-145-8162
164,Maryellen,Smy,msmy4j@google.co.uk,883-952-0253
165,Cordi,Bearman,cbearman4k@bloglovin.com,831-293-9246
166,Bone,Stearne,bstearne4l@si.edu,923-803-2789
167,Shanna,Yetts,syetts4m@odnoklassniki.ru,920-902-7874
168,Jakob,Bonelle,jbonelle4n@cafepress.com,378-684-5966
169,Lilly,Nary,lnary4o@fema.gov,226-922-1357
170,Yalonda,Morffew,ymorffew4p@sitemeter.com,343-457-7789
171,Jeffry,Sirey,jsirey4q@purevolume.com,156-197-5677
172,Suzanne,Masserel,smasserel4r@deliciousdays.com,282-821-9913
173,Ripley,Willowby,rwillowby4s@yahoo.co.jp,141-600-3940
174,Rhodia,Tume,rtume4t@google.de,849-324-1666
175,Boone,Loddy,bloddy4u@ocn.ne.jp,576-413-7906
176,Riobard,Cathrall,rcathrall4v@dropbox.com,980-685-6173
177,Jolene,Challenor,jchallenor4w@whitehouse.gov,926-783-8276
178,Sonya,Marxsen,smarxsen4x@slideshare.net,148-780-2433
179,Victoir,Hulk,vhulk4y@npr.org,938-231-1211
180,Niles,Gallelli,ngallelli4z@redcross.org,925-383-9602
181,Maia,Beglin,mbeglin50@fda.gov,486-446-9052
182,Ebba,Mower,emower51@linkedin.com,982-956-7074
183,Josselyn,Dailey,jdailey52@github.io,147-836-0666
184,Dannie,Leatt,dleatt53@npr.org,714-964-0028
185,Barri,Juste,bjuste54@google.de,783-678-9290
186,Renado,Nash,rnash55@engadget.com,414-281-0296
187,Frankie,Checklin,fchecklin56@nature.com,755-655-2386
188,Benjie,Bulbrook,bbulbrook57@discuz.net,781-745-0987
189,Maurice,Jannaway,mjannaway58@barnesandnoble.com,831-187-9406
190,Korella,Linklet,klinklet59@thetimes.co.uk,413-799-9144
191,Eloisa,Newlove,enewlove5a@multiply.com,728-119-7136
192,Isabeau,Keyse,ikeyse5b@tinyurl.com,882-125-0071
193,Redd,Wyley,rwyley5c@virginia.edu,116-792-2694
194,Melicent,Pledge,mpledge5d@gravatar.com,187-311-7652
195,Greer,Clarey,gclarey5e@hatena.ne.jp,936-423-5827
196,Roddy,MacClinton,rmacclinton5f@ameblo.jp,579-812-4773
197,Jessica,Dreng,jdreng5g@foxnews.com,949-328-8484
198,Matthew,Hagstone,mhagstone5h@tiny.cc,710-238-0079
199,Kore,Gleaves,kgleaves5i@typepad.com,511-524-6369
200,Nevin,Geertsen,ngeertsen5j@sciencedaily.com,305-492-6063
201,Orel,Hentze,ohentze5k@amazon.co.jp,310-699-8522
202,Nickolai,Drinkhill,ndrinkhill5l@java.com,104-827-2509
203,Ignacio,Taberer,itaberer5m@shop-pro.jp,312-810-0353
204,Granthem,Pavlata,gpavlata5n@storify.com,391-104-3374
205,Ray,Morlon,rmorlon5o@ucoz.ru,946-956-6115
206,Katalin,Wimmers,kwimmers5p@state.gov,720-690-8212
207,Barnie,Klimkovich,bklimkovich5q@virginia.edu,192-156-7724
208,Alvina,Lakeman,alakeman5r@list-manage.com,381-583-4682
209,Jaye,Danett,jdanett5s@de.vu,814-938-9877
210,Sheri,De Michele,sdemichele5t@acquirethisname.com,774-345-4955
211,Vittorio,Josipovic,vjosipovic5u@miitbeian.gov.cn,772-435-3717
212,Stearn,Dymick,sdymick5v@berkeley.edu,695-907-7260
213,Lissy,Thwaites,lthwaites5w@soundcloud.com,666-326-6721
214,Lovell,Skiplorne,lskiplorne5x@fotki.com,709-471-0273
215,Modestine,Wollers,mwollers5y@google.pl,780-167-3632
216,Loydie,Chastanet,lchastanet5z@macromedia.com,493-650-3037
217,Jerrine,Trethowan,jtrethowan60@accuweather.com,655-442-8280
218,Axel,Duffett,aduffett61@apache.org,703-145-4419
219,Wilow,Martelet,wmartelet62@about.me,671-603-3197
220,Jannelle,Tesimon,jtesimon63@nbcnews.com,114-194-2916
221,Ludwig,Mulvey,lmulvey64@desdev.cn,233-938-0517
222,Chery,Fant,cfant65@ft.com,837-802-4372
223,Felita,Hutsby,fhutsby66@paginegialle.it,736-359-3300
224,Edgar,Darrell,edarrell67@rediff.com,807-861-9946
225,Padraig,Covil,pcovil68@mediafire.com,516-926-0951
226,Pasquale,Foxten,pfoxten69@biglobe.ne.jp,749-743-4622
227,Nickey,Darco,ndarco6a@wired.com,212-943-1356
228,Christan,Bellee,cbellee6b@printfriendly.com,645-862-7363
229,Simonette,Fransemai,sfransemai6c@go.com,687-542-4806
230,Barney,Van der Baaren,bvanderbaaren6d@fotki.com,776-894-4349
231,Drud,Clausner,dclausner6e@illinois.edu,109-929-4806
232,Bernie,Mulrenan,bmulrenan6f@columbia.edu,744-782-9113
233,Vidovik,Tarpey,vtarpey6g@weibo.com,989-613-3567
234,Jack,Lannin,jlannin6h@ovh.net,958-843-8387
235,Neille,Orys,norys6i@spotify.com,507-293-0692
236,Ingunna,Budden,ibudden6j@drupal.org,423-372-4498
237,Royall,Frigout,rfrigout6k@latimes.com,928-184-6243
238,Casey,Meenan,cmeenan6l@bigcartel.com,771-893-0658
239,Porter,Annatt,pannatt6m@t-online.de,729-727-3212
240,Laney,Smeed,lsmeed6n@xing.com,902-976-0106
241,Hilton,Sartin,hsartin6o@soundcloud.com,560-135-0927
242,Lacie,Le Batteur,llebatteur6p@bandcamp.com,528-750-3698
243,Angela,Kaine,akaine6q@businessinsider.com,669-460-8539
244,Shayna,Dary,sdary6r@nasa.gov,508-964-1000
245,Carr,Merner,cmerner6s@sogou.com,200-603-9614
246,Christina,Sreenan,csreenan6t@sun.com,598-555-6647
247,Hermine,Threlkeld,hthrelkeld6u@bloomberg.com,349-212-2916
248,Maryjo,Callingham,mcallingham6v@dmoz.org,850-832-8250
249,Dani,Abramcik,dabramcik6w@weather.com,335-108-6128
250,Catlaina,Bertlin,cbertlin6x@about.me,594-861-3946
251,Pooh,Zupo,pzupo6y@ted.com,114-499-2162
252,Hillery,Wallis,hwallis6z@blogger.com,960-384-4256
253,Brad,Fogg,bfogg70@reverbnation.com,410-807-0618
254,Dael,Winley,dwinley71@arstechnica.com,332-578-6897
255,Padriac,Esposita,pesposita72@facebook.com,757-633-6221
256,Demetri,Balfe,dbalfe73@behance.net,651-456-7344
257,Quinn,McCosh,qmccosh74@vkontakte.ru,570-734-6555
258,Carie,Buchan,cbuchan75@cnn.com,720-862-8518
259,Rickey,Brideoke,rbrideoke76@reddit.com,995-203-6950
260,Myrlene,Antcliff,mantcliff77@howstuffworks.com,894-400-9031
261,Aarika,Girardeau,agirardeau78@huffingtonpost.com,336-541-0781
262,Cointon,Kleeman,ckleeman79@amazon.co.jp,547-616-8799
263,Shirleen,Langthorne,slangthorne7a@mtv.com,721-340-3224
264,Kirbee,Snowden,ksnowden7b@washington.edu,808-149-7994
265,Viviyan,Sofe,vsofe7c@cmu.edu,567-823-5623
266,Connie,Surplice,csurplice7d@senate.gov,416-169-8594
267,Mallory,Reede,mreede7e@blog.com,269-524-4719
268,Sashenka,Eyree,seyree7f@surveymonkey.com,361-269-7221
269,Rodd,Lourens,rlourens7g@archive.org,168-864-8972
270,Judye,Smiley,jsmiley7h@washington.edu,364-657-6399
271,Vonni,Anderl,vanderl7i@altervista.org,587-512-9935
272,Alec,Reuss,areuss7j@yahoo.com,175-273-5390
273,Enrica,Coddrington,ecoddrington7k@devhub.com,424-428-1874
274,Vinnie,Pfaffel,vpfaffel7l@shutterfly.com,885-553-6113
275,Felipe,Leadbeater,fleadbeater7m@mapquest.com,758-707-3851
276,Josefina,Guiness,jguiness7n@miibeian.gov.cn,449-557-4259
277,Allene,Stoter,astoter7o@zimbio.com,769-171-7324
278,Dorothy,Kiledal,dkiledal7p@ezinearticles.com,246-967-6761
279,Jorge,Placide,jplacide7q@marketwatch.com,474-315-7072
280,Olivette,Crookes,ocrookes7r@wp.com,328-303-5617
281,Natasha,Crone,ncrone7s@drupal.org,214-254-8398
282,Titus,Danick,tdanick7t@domainmarket.com,204-736-0537
283,Johann,Dunridge,jdunridge7u@sbwire.com,206-922-5792
284,Timothea,Lepard,tlepard7v@issuu.com,902-291-1889
285,Hagen,Renhard,hrenhard7w@ft.com,773-873-8573
286,Zed,Junkin,zjunkin7x@paginegialle.it,649-990-9874
287,Ruthi,Ilott,rilott7y@opera.com,596-390-2251
288,Caddric,Kobus,ckobus7z@smugmug.com,252-463-4340
289,Iago,Embury,iembury80@google.nl,343-766-6207
290,Dorthea,Meriott,dmeriott81@java.com,445-367-6605
291,Roddie,Glentworth,rglentworth82@ovh.net,481-934-0559
292,Laureen,Kulas,lkulas83@cnn.com,868-222-2669
293,Bearnard,Brosoli,bbrosoli84@bloglovin.com,689-148-3796
294,Chere,Guymer,cguymer85@europa.eu,785-570-7013
295,Finn,Byrth,fbyrth86@businessweek.com,631-957-3718
296,Yehudit,Fenwick,yfenwick87@merriam-webster.com,302-284-6908
297,Maire,Windram,mwindram88@g.co,778-542-1133
298,Eleonora,Stivers,estivers89@illinois.edu,797-700-4609
299,Henrieta,Mimmack,hmimmack8a@sciencedaily.com,935-580-4787
300,Darbee,Abbatucci,dabbatucci8b@sciencedirect.com,264-746-0652
301,Allix,Ainslee,aainslee8c@weibo.com,967-735-9833
302,Layne,Vankov,lvankov8d@earthlink.net,239-463-7907
303,Talya,Groves,tgroves8e@time.com,174-760-7422
304,Urbain,Le Borgne,uleborgne8f@usa.gov,771-617-8080
305,Jayson,Lapthorn,jlapthorn8g@oracle.com,642-989-6897
306,Godfree,Esselin,gesselin8h@a8.net,484-681-1719
307,Christoph,Shambroke,cshambroke8i@bloglines.com,805-614-7784
308,Cynthea,Duff,cduff8j@amazon.com,153-539-3742
309,Ruprecht,Cantle,rcantle8k@mozilla.org,801-358-1033
310,Tansy,Cluet,tcluet8l@cbsnews.com,127-561-2368
311,Sullivan,Myton,smyton8m@360.cn,639-778-9816
312,Bernie,Linnane,blinnane8n@infoseek.co.jp,908-672-7616
313,Massimo,Itzkov,mitzkov8o@wufoo.com,272-523-2797
314,Berky,Ondrusek,bondrusek8p@auda.org.au,827-440-2064
315,Chelsae,McDougal,cmcdougal8q@free.fr,152-943-0984
316,Kristopher,Lowrance,klowrance8r@moonfruit.com,676-974-7567
317,Aurilia,De Michele,ademichele8s@dyndns.org,800-332-6614
318,Burnaby,Jenson,bjenson8t@gizmodo.com,651-233-5273
319,Jean,Carstairs,jcarstairs8u@google.fr,469-306-5178
320,Lindie,Alden,lalden8v@msn.com,199-200-1408
321,Robenia,Antoniades,rantoniades8w@harvard.edu,141-166-3561
322,Stepha,Wellings,swellings8x@kickstarter.com,983-494-3635
323,Tabina,Terren,tterren8y@jimdo.com,439-454-2681
324,Benedikta,Beazleigh,bbeazleigh8z@dailymotion.com,773-200-5487
325,Salim,Doyle,sdoyle90@exblog.jp,405-554-8453
326,Francois,Bridewell,fbridewell91@hhs.gov,121-893-0382
327,Trevor,Errichelli,terrichelli92@t-online.de,869-218-6848
328,Alisander,Kirkness,akirkness93@indiatimes.com,906-172-8125
329,Philippe,Panketh,ppanketh94@google.co.uk,502-549-6343
330,Edithe,Crockley,ecrockley95@godaddy.com,323-893-1368
331,Benita,Tabbernor,btabbernor96@sciencedirect.com,850-924-0518
332,Delaney,Duchenne,dduchenne97@sciencedirect.com,872-720-5212
333,Briano,Wayman,bwayman98@senate.gov,704-545-5347
334,Cortney,Bluschke,cbluschke99@theatlantic.com,187-225-3144
335,Meggi,Casol,mcasol9a@ustream.tv,980-880-0597
336,Happy,Samarth,hsamarth9b@cdbaby.com,864-632-3990
337,Wilek,Rockwell,wrockwell9c@issuu.com,722-802-2696
338,Gates,Childerhouse,gchilderhouse9d@gov.uk,644-780-3263
339,Edwina,Niles,eniles9e@nsw.gov.au,667-606-4742
340,Cosmo,Blakemore,cblakemore9f@spiegel.de,522-670-3368
341,Laryssa,Woloschinski,lwoloschinski9g@msn.com,707-683-6250
342,Janice,Elsmere,jelsmere9h@ibm.com,775-579-1461
343,Farra,Christopherson,fchristopherson9i@nih.gov,580-318-0913
344,Erek,Fewings,efewings9j@narod.ru,968-319-5125
345,Meghan,Sallnow,msallnow9k@pen.io,726-476-3137
346,Dugald,Winkell,dwinkell9l@squarespace.com,447-150-6707
347,Judith,Buick,jbuick9m@slashdot.org,254-268-1027
348,Emmi,Pammenter,epammenter9n@prlog.org,849-513-3908
349,Golda,Cocksedge,gcocksedge9o@topsy.com,409-701-5454
350,Kristo,Antram,kantram9p@google.co.uk,198-932-8805
351,Melessa,Maddams,mmaddams9q@flickr.com,512-705-2306
352,Munroe,Rustidge,mrustidge9r@noaa.gov,322-104-6288
353,Mayne,Picardo,mpicardo9s@who.int,461-979-3841
354,Jobye,Le Prevost,jleprevost9t@desdev.cn,379-831-4192
355,Briana,Hebblethwaite,bhebblethwaite9u@ifeng.com,384-810-7296
356,Xylia,Trewartha,xtrewartha9v@free.fr,737-720-0097
357,Johna,Choules,jchoules9w@yale.edu,308-945-6017
358,Merle,Eady,meady9x@technorati.com,520-362-6975
359,Gayleen,Demongeot,gdemongeot9y@ow.ly,532-643-5794
360,Heather,Peplow,hpeplow9z@jigsy.com,306-892-7356
361,Ree,O' Dooley,rodooleya0@psu.edu,842-282-4665
362,Edmon,Braidwood,ebraidwooda1@nih.gov,709-267-0475
363,Nial,Hares,nharesa2@dailymotion.com,883-311-7695
364,Bobbie,Algie,balgiea3@businesswire.com,689-476-2998
365,Odie,Damiata,odamiataa4@diigo.com,397-563-0138
366,Blondy,Barns,bbarnsa5@joomla.org,499-453-4090
367,Currie,Golley,cgolleya6@naver.com,433-474-8852
368,Neda,Elgood,nelgooda7@quantcast.com,532-585-6298
369,Beryle,Edmondson,bedmondsona8@sfgate.com,889-988-3296
370,Hunt,Schimann,hschimanna9@soundcloud.com,947-128-1240
371,Xavier,Roy,xroyaa@seattletimes.com,896-142-1433
372,Fredelia,Humm,fhummab@walmart.com,364-135-1641
373,Brandon,Humphris,bhumphrisac@wordpress.com,720-963-8530
374,Dot,Local,dlocalad@hibu.com,488-582-9433
375,Hank,Pfaff,hpfaffae@woothemes.com,455-290-4203
376,Ned,Bailiss,nbailissaf@state.gov,885-799-2003
377,Loni,Edards,ledardsag@facebook.com,574-970-3667
378,Kelcy,Alves,kalvesah@addthis.com,309-556-0919
379,Gregoire,Ancliff,gancliffai@qq.com,858-384-2868
380,Waring,Beadnell,wbeadnellaj@freewebs.com,367-837-5512
381,Shaina,Corkel,scorkelak@princeton.edu,543-423-6574
382,Catlin,Mussared,cmussaredal@myspace.com,378-230-5370
383,Mufinella,Casburn,mcasburnam@dot.gov,668-597-7320
384,Marius,Lenglet,mlengletan@cnbc.com,411-792-1942
385,Marquita,Bovingdon,mbovingdonao@booking.com,278-764-0591
386,Chaim,Kaman,ckamanap@auda.org.au,919-411-3859
387,Tabor,Eitter,teitteraq@hexun.com,357-373-5931
388,Harrietta,Bassingham,hbassinghamar@forbes.com,272-687-7860
389,Caroline,Barstowk,cbarstowkas@utexas.edu,892-854-9567
390,Patsy,Ripon,priponat@fda.gov,174-222-2292
391,Gaven,Le Noury,glenouryau@jimdo.com,670-903-6897
392,Anne-corinne,Fergyson,afergysonav@bravesites.com,640-929-5077
393,Adolphus,Holleworth,aholleworthaw@constantcontact.com,735-935-6998
394,Walker,Gilroy,wgilroyax@alibaba.com,491-681-0549
395,Anabelle,Halden,ahaldenay@nps.gov,959-927-8777
396,Brittan,Postill,bpostillaz@indiatimes.com,140-157-4342
397,Freddi,Thomesson,fthomessonb0@chicagotribune.com,468-368-5639
398,Ettore,Sapsforde,esapsfordeb1@fc2.com,285-225-9563
399,Austine,Athelstan,aathelstanb2@cbc.ca,413-388-3822
400,Arlinda,Rossbrook,arossbrookb3@about.com,452-491-5477
401,Corinna,McTerry,cmcterryb4@unblog.fr,588-646-7728
402,Frasquito,Hudless,fhudlessb5@rakuten.co.jp,846-189-2406
403,Jermaine,Vassar,jvassarb6@walmart.com,715-128-9342
404,Pam,Jaquiss,pjaquissb7@go.com,501-669-1731
405,Eduardo,Dodwell,edodwellb8@sina.com.cn,986-588-0914
406,Gui,Mingo,gmingob9@answers.com,380-705-9226
407,Lennie,Desbrow,ldesbrowba@vinaora.com,998-923-4091
408,Bradford,Berick,bberickbb@wikispaces.com,426-530-1608
409,Pryce,Buffy,pbuffybc@webeden.co.uk,859-298-9141
410,Rubin,Pascho,rpaschobd@slate.com,662-537-5094
411,Madeline,Farnish,mfarnishbe@imdb.com,407-803-1805
412,Lucien,Strafford,lstraffordbf@alibaba.com,415-780-0728
413,Regan,Nellen,rnellenbg@npr.org,986-200-9411
414,Lexi,Udy,ludybh@globo.com,478-914-7911
415,Tamra,Tocknell,ttocknellbi@cmu.edu,606-270-2097
416,Tammie,Rossiter,trossiterbj@businessinsider.com,882-609-4863
417,Ernie,Muzzollo,emuzzollobk@alibaba.com,253-116-8480
418,Cecil,Hartley,chartleybl@netvibes.com,197-672-1814
419,Rhett,Welbrock,rwelbrockbm@cargocollective.com,482-227-3972
420,,,,381-552-9891
421,Callean,Gencke,cgenckebo@barnesandnoble.com,293-760-7024
422,Cleveland,Pydcock,cpydcockbp@google.pl,712-752-7486
423,Josephine,Dunsford,jdunsfordbq@people.com.cn,953-827-0806
424,Lina,Emeline,lemelinebr@163.com,863-248-4949
425,Filberto,Meyer,fmeyerbs@auda.org.au,843-470-5643
426,Sergent,Brownlow,sbrownlowbt@moonfruit.com,742-701-4361
427,Nathaniel,Meller,nmellerbu@gmpg.org,521-639-3862
428,Kelcey,Syder,ksyderbv@posterous.com,435-181-7754
429,Candra,Minchell,cminchellbw@nifty.com,255-217-9905
430,Kristen,Hinners,khinnersbx@altervista.org,818-907-4085
431,Raddie,Simionescu,rsimionescuby@typepad.com,489-251-7350
432,Mathe,Corbett,mcorbettbz@typepad.com,971-372-7226
433,Ashley,Gillmor,agillmorc0@cornell.edu,689-119-8915
434,Vere,Abdy,vabdyc1@issuu.com,668-519-6365
435,Karla,Altham,kalthamc2@mysql.com,303-324-1345
436,Felicdad,Orchard,forchardc3@tamu.edu,896-422-5344
437,Wald,Martinovic,wmartinovicc4@yahoo.co.jp,156-921-1697
438,Clarita,Risson,crissonc5@amazon.co.uk,385-210-4849
439,Eba,Matous,ematousc6@thetimes.co.uk,600-469-7487
440,Hervey,Phoenix,hphoenixc7@usatoday.com,777-129-7982
441,Theadora,Chidlow,tchidlowc8@usa.gov,291-968-8478
442,Mickey,Edlyn,medlync9@networkadvertising.org,417-258-5915
443,Daniella,Darkin,ddarkinca@auda.org.au,638-833-7790
444,Janek,Hadcock,jhadcockcb@hubpages.com,664-277-0233
445,Briny,Illidge,billidgecc@microsoft.com,981-369-4632
446,Eddy,Ayrs,eayrscd@dropbox.com,838-323-9547
447,Denys,Hagley,dhagleyce@paypal.com,231-275-4467
448,Eda,Oliphant,eoliphantcf@mail.ru,156-847-9370
449,Suki,Dyson,sdysoncg@google.it,977-494-6268
450,Harlen,Housam,hhousamch@rambler.ru,137-324-3642
451,Rhianna,Leverington,rleveringtonci@ebay.co.uk,246-478-5627
452,Emmalynn,O'Dunniom,eodunniomcj@flickr.com,513-394-6231
453,Roana,Bruggeman,rbruggemanck@unc.edu,602-753-9550
454,Alverta,Kalkofer,akalkofercl@taobao.com,211-219-7725
455,Babs,Tarquini,btarquinicm@fda.gov,134-716-0886
456,Stavros,Sicely,ssicelycn@ucsd.edu,723-344-6433
457,Helaina,Radin,hradinco@com.com,940-712-4902
458,Carlyle,Zimmerman,czimmermancp@t.co,926-853-8510
459,Griff,Earry,gearrycq@cbsnews.com,391-220-8147
460,Ina,Manon,imanoncr@people.com.cn,649-763-0408
461,Bel,Keese,bkeesecs@wired.com,509-856-2889
462,Bryce,Dessent,bdessentct@about.me,286-875-3597
463,Lelia,Palomba,lpalombacu@springer.com,232-121-5447
464,Danika,Cornbell,dcornbellcv@nifty.com,760-786-3379
465,Ninette,Woodcraft,nwoodcraftcw@google.es,222-851-1094
466,Beverie,Cohani,bcohanicx@arizona.edu,240-478-1182
467,Norri,Laddle,nladdlecy@google.ca,853-362-4477
468,Amandie,Heselwood,aheselwoodcz@businessweek.com,846-342-6391
469,Alvis,Michelet,amicheletd0@usa.gov,167-558-3985
470,Tamiko,Camis,tcamisd1@bbb.org,603-913-5014
471,Benita,Budgey,bbudgeyd2@dedecms.com,154-461-8118
472,Pietra,Borsay,pborsayd3@fc2.com,517-132-9109
473,Leonid,McIlvaney,lmcilvaneyd4@ed.gov,419-622-3557
474,Vale,Dodgson,vdodgsond5@examiner.com,797-283-2023
475,Modesty,Waskett,mwaskettd6@fotki.com,893-253-0426
476,Rianon,Kristiansen,rkristiansend7@timesonline.co.uk,801-716-6302
477,Danita,Gilson,dgilsond8@cbslocal.com,232-302-8325
478,Percy,Cumberland,pcumberlandd9@furl.net,706-503-7404
479,Claudette,Gawthrop,cgawthropda@baidu.com,119-334-0906
480,Andrea,Hiskey,ahiskeydb@jiathis.com,187-403-1127
481,Dionne,Morffew,dmorffewdc@elegantthemes.com,651-311-5145
482,Glyn,Pigram,gpigramdd@sohu.com,220-398-7278
483,Roda,Yven,ryvende@ed.gov,657-535-0370
484,Hermine,Sallnow,hsallnowdf@cyberchimps.com,625-237-0701
485,Kimmie,Vasyutichev,kvasyutichevdg@studiopress.com,561-713-8270
486,Ninetta,Casbourne,ncasbournedh@topsy.com,797-195-7238
487,Jordana,Dell'Abbate,jdellabbatedi@bluehost.com,883-201-5689
488,Delilah,Donat,ddonatdj@ebay.com,249-758-9208
489,Korney,Chadburn,kchadburndk@msu.edu,974-478-6784
490,Merrile,Shelliday,mshellidaydl@google.com,653-634-1716
491,Edee,Cocklin,ecocklindm@amazon.de,332-318-5246
492,Krystal,Ripper,kripperdn@squarespace.com,679-424-1854
493,Don,Hammerberg,dhammerbergdo@ezinearticles.com,632-369-7601
494,Ulrike,Vella,uvelladp@tiny.cc,398-995-3255
495,Killie,Chopin,kchopindq@cargocollective.com,178-823-2527
496,Reggie,Hingeley,rhingeleydr@ucoz.com,638-202-4942
497,Bartholomeo,Sigge,bsiggeds@comcast.net,635-514-7712
498,Faythe,MacKinnon,fmackinnondt@goo.gl,424-697-7663
499,Cher,Steger,cstegerdu@cpanel.net,269-571-8393
500,Alberta,Da Costa,adacostadv@toplist.cz,988-102-7394
501,Lavena,Jakubovitch,ljakubovitchdw@dailymotion.com,357-186-2083
502,Ferguson,Hansen,fhansendx@so-net.ne.jp,714-443-7204
503,Aigneis,McGraw,amcgrawdy@umich.edu,642-416-5597
504,Chelsae,MacCurtain,cmaccurtaindz@irs.gov,855-639-1315
505,Giralda,Broomfield,gbroomfielde0@surveymonkey.com,396-642-1068
506,Diarmid,Ardling,dardlinge1@seesaa.net,138-123-9588
507,Loralee,Herculson,lherculsone2@msu.edu,388-611-0359
508,Tracey,Dilon,tdilone3@cisco.com,587-622-8606
509,Bentlee,Angier,bangiere4@berkeley.edu,405-594-0300
510,Shurwood,Gemlbett,sgemlbette5@slate.com,354-672-7820
511,Tommy,Matveiko,tmatveikoe6@live.com,359-797-0640
512,Dewitt,Smeath,dsmeathe7@hostgator.com,376-871-1121
513,Chaim,Lilywhite,clilywhitee8@who.int,120-770-7480
514,Jodee,Januszkiewicz,jjanuszkiewicze9@xing.com,928-915-5826
515,Florrie,Higgoe,fhiggoeea@cdbaby.com,484-578-0466
516,Meridel,Dudenie,mdudenieeb@webmd.com,488-555-1154
517,Roseanne,Rentoul,rrentoulec@sphinn.com,652-868-2243
518,Johnathon,Bourdel,jbourdeled@uiuc.edu,847-452-6186
519,Lowrance,Skippings,lskippingsee@symantec.com,998-206-3414
520,Odilia,Divell,odivellef@w3.org,263-863-8613
521,Di,Auden,daudeneg@yellowbook.com,389-666-6641
522,Yetty,Shallo,yshalloeh@quantcast.com,204-761-2177
523,Rab,Shortt,rshorttei@drupal.org,350-824-8566
524,Martynne,Hurlin,mhurlinej@eventbrite.com,401-782-3279
525,Jewell,Cardenas,jcardenasek@parallels.com,972-780-7732
526,Christabel,Golson,cgolsonel@pinterest.com,719-939-9511
527,Mariejeanne,Durward,mdurwardem@vimeo.com,857-581-6187
528,Scott,Kull,skullen@kickstarter.com,264-659-2124
529,Wanids,Ferrer,wferrereo@mapy.cz,706-103-8223
530,Thorndike,Blackleech,tblackleechep@uiuc.edu,504-185-3538
531,Mikel,McGuane,mmcguaneeq@hexun.com,749-900-9665
532,Keely,Coalbran,kcoalbraner@adobe.com,186-154-1291
533,Jerad,Houliston,jhoulistones@weebly.com,548-747-3004
534,Brannon,Fawckner,bfawckneret@etsy.com,664-736-3505
535,Steve,Downes,sdowneseu@phpbb.com,617-222-2492
536,Berta,Lippitt,blippittev@twitter.com,366-502-2197
537,Nannette,Cartmael,ncartmaelew@gravatar.com,503-169-0388
538,Lonni,Fullagar,lfullagarex@msu.edu,894-304-9312
539,Vanny,Weaving,vweavingey@bbc.co.uk,199-254-6075
540,Normy,Kilkenny,nkilkennyez@lycos.com,920-611-5057
541,Roanna,Carlon,rcarlonf0@yandex.ru,336-722-4826
542,Aleda,Jennaroy,ajennaroyf1@ehow.com,938-988-0771
543,Cortie,Farlamb,cfarlambf2@engadget.com,854-963-2475
544,Conney,Nurden,cnurdenf3@goodreads.com,852-688-6505
545,Ali,Kinney,akinneyf4@bravesites.com,556-610-6846
546,Darleen,Bangham,dbanghamf5@umich.edu,639-749-2601
547,Swen,Cheer,scheerf6@samsung.com,367-305-3842
548,Devon,Talton,dtaltonf7@123-reg.co.uk,510-396-9414
549,Ericka,Foynes,efoynesf8@vk.com,973-619-7863
550,Sigvard,Moffet,smoffetf9@bloglovin.com,115-462-2055
551,Arney,De Cristofalo,adecristofalofa@reference.com,550-464-1651
552,Shelden,Grellier,sgrellierfb@sohu.com,598-962-3417
553,Aldous,Robberts,arobbertsfc@mac.com,441-466-3171
554,Alfonso,Bertie,abertiefd@noaa.gov,750-863-6932
555,Letitia,Kettlestringes,lkettlestringesfe@tumblr.com,540-548-2794
556,Farrel,Shuttleworth,fshuttleworthff@ustream.tv,486-364-3601
557,Gerhard,Gusney,ggusneyfg@adobe.com,507-274-3773
558,Brig,Paley,bpaleyfh@addtoany.com,864-913-2928
559,Roslyn,Cazin,rcazinfi@xrea.com,927-444-4154
560,Pauletta,Earney,pearneyfj@storify.com,765-873-4572
561,Clevie,Grierson,cgriersonfk@timesonline.co.uk,549-278-6178
562,Mahmoud,Middis,mmiddisfl@dmoz.org,766-812-6954
563,Siusan,Hlavecek,shlavecekfm@time.com,797-885-7924
564,Tristam,Blaszkiewicz,tblaszkiewiczfn@cafepress.com,989-737-9814
565,Lucila,Gosforth,lgosforthfo@state.gov,924-343-0539
566,Maynord,Pinkard,mpinkardfp@ft.com,972-732-6464
567,Erika,Defond,edefondfq@pagesperso-orange.fr,474-558-3644
568,Clemens,De Andisie,cdeandisiefr@biblegateway.com,279-367-2479
569,Dominique,Stuckes,dstuckesfs@blogspot.com,355-241-1886
570,Stanislaus,Truin,struinft@jiathis.com,864-453-7812
571,Jeanna,Wagenen,jwagenenfu@vkontakte.ru,715-784-4659
572,Karlyn,Ghidoni,kghidonifv@xing.com,838-881-5692
573,Caprice,Matasov,cmatasovfw@netscape.com,780-224-7959
574,Shirlee,Halloway,shallowayfx@archive.org,829-750-4222
575,Sherie,McCart,smccartfy@sakura.ne.jp,180-750-5296
576,Udall,January 1st,ujanuarystfz@alibaba.com,428-995-9486
577,Garrott,Cordingley,gcordingleyg0@seesaa.net,249-713-0050
578,Malissa,Linklater,mlinklaterg1@deliciousdays.com,895-169-8770
579,Kelwin,Gillice,kgilliceg2@dell.com,534-371-8869
580,Rahal,Crallan,rcrallang3@goo.gl,921-738-5334
581,Callean,Olivera,coliverag4@sciencedirect.com,545-344-9226
582,Glenden,Yeld,gyeldg5@e-recht24.de,808-883-9882
583,Laurice,Aronovich,laronovichg6@smugmug.com,297-862-5434
584,Jaimie,Spinello,jspinellog7@de.vu,320-123-1424
585,Derrik,Frankland,dfranklandg8@illinois.edu,996-274-9617
586,Lin,Poyle,lpoyleg9@hatena.ne.jp,751-248-2078
587,Susy,Goldsbury,sgoldsburyga@tiny.cc,284-935-8021
588,Talia,Schoffler,tschofflergb@free.fr,663-222-5651
589,Meredith,Clohissy,mclohissygc@army.mil,226-266-9700
590,Alexandros,Seedull,aseedullgd@gov.uk,761-991-4888
591,Yorker,Ratcliff,yratcliffge@creativecommons.org,764-207-0155
592,Adham,Ambler,aamblergf@cloudflare.com,866-786-4410
593,Andreas,Cramp,acrampgg@elpais.com,207-580-0874
594,Winn,Scholfield,wscholfieldgh@ucoz.com,816-214-5119
595,Tamqrah,Behan,tbehangi@cdc.gov,498-872-4596
596,Annadiane,Bucher,abuchergj@moonfruit.com,206-530-7494
597,Willa,Garland,wgarlandgk@addtoany.com,647-267-1992
598,Suzette,Struan,sstruangl@ovh.net,807-459-0161
599,Herrick,Gemmill,hgemmillgm@spiegel.de,726-648-9675
600,Tabby,Sandwick,tsandwickgn@shinystat.com,447-889-7930
601,Geordie,Orcott,gorcottgo@slate.com,627-375-2586
602,Zak,McEntagart,zmcentagartgp@hp.com,644-191-9370
603,Durante,Bonass,dbonassgq@ftc.gov,914-196-1590
604,Odelia,Mesnard,omesnardgr@stumbleupon.com,880-821-0237
605,Aloysius,Tarver,atarvergs@businessinsider.com,705-181-1986
606,Augusta,Zaniolo,azaniologt@miitbeian.gov.cn,860-197-2997
607,Davidde,Phette,dphettegu@geocities.com,701-320-2830
608,Lindsey,Bayne,lbaynegv@flickr.com,534-566-4022
609,Emilia,Shee,esheegw@imageshack.us,475-194-4322
610,Riccardo,Norbury,rnorburygx@unesco.org,888-632-8913
611,Cilka,Wye,cwyegy@pbs.org,214-901-0038
612,Ethelbert,Molfino,emolfinogz@ezinearticles.com,674-851-0130
613,Baxy,Lafflina,blafflinah0@yahoo.co.jp,863-363-7092
614,Loralee,Tiptaft,ltiptafth1@hc360.com,873-176-5696
615,Buiron,Jerger,bjergerh2@techcrunch.com,273-463-9679
616,Eudora,Need,eneedh3@sourceforge.net,378-582-6070
617,Lishe,Coggeshall,lcoggeshallh4@amazon.de,497-870-1479
618,Nollie,Iacobini,niacobinih5@gnu.org,819-765-3291
619,Caroline,Emmens,cemmensh6@sakura.ne.jp,205-543-1869
620,Tyne,Gaither,tgaitherh7@un.org,175-768-0286
621,Giffard,Galer,ggalerh8@howstuffworks.com,964-500-8651
622,Valaree,Mistry,vmistryh9@vinaora.com,882-114-2709
623,Esta,Canceller,ecancellerha@ovh.net,372-141-9237
624,Archy,Priel,aprielhb@businesswire.com,994-100-4166
625,Hillel,Utley,hutleyhc@sakura.ne.jp,299-890-5998
626,Fara,Yes,fyeshd@barnesandnoble.com,973-834-3483
627,Nisse,Spires,nspireshe@reverbnation.com,431-703-8975
628,Ginger,Blurton,gblurtonhf@pinterest.com,739-724-8775
629,Ginelle,Fallow,gfallowhg@newsvine.com,869-331-0320
630,Annmarie,Blondin,ablondinhh@feedburner.com,172-994-4891
631,Shurlock,Kennington,skenningtonhi@jiathis.com,612-572-5937
632,Tova,Babst,tbabsthj@nyu.edu,745-721-4208
633,Lynn,Brickhill,lbrickhillhk@toplist.cz,713-498-5633
634,Buiron,Vinsen,bvinsenhl@usgs.gov,497-336-1554
635,Peggy,Flores,pfloreshm@imdb.com,795-385-1389
636,Leodora,Franek,lfranekhn@house.gov,853-466-2331
637,Kelci,Sibylla,ksibyllaho@vistaprint.com,955-704-6543
638,Pat,Massy,pmassyhp@google.nl,358-745-3798
639,Parker,Brient,pbrienthq@photobucket.com,857-387-3743
640,Zorana,Orpen,zorpenhr@bravesites.com,201-617-3105
641,Carlos,Worthing,cworthinghs@de.vu,344-551-6343
642,Pietro,,pbennallckht@jigsy.com,831-510-2833
643,Philbert,Creese,pcreesehu@oracle.com,474-254-8097
644,Brinna,Marriage,bmarriagehv@msn.com,166-564-4111
645,Tommy,Girvan,tgirvanhw@walmart.com,254-770-6393
646,Adria,Jurs,ajurshx@instagram.com,991-523-1585
647,Dorris,Greenhead,dgreenheadhy@liveinternet.ru,806-997-6215
648,Selina,Graveson,sgravesonhz@histats.com,764-298-6264
649,Sherry,Lawie,slawiei0@godaddy.com,646-251-7450
650,Eugine,Gollard,egollardi1@businesswire.com,561-611-0383
651,Lea,Charlick,lcharlicki2@reuters.com,183-371-3614
652,Kaye,Burbridge,kburbridgei3@digg.com,367-681-0996
653,Em,Caroli,ecarolii4@ihg.com,876-433-5036
654,Danyette,Sutor,dsutori5@unicef.org,282-168-0693
655,Mychal,Burbage,mburbagei6@over-blog.com,732-697-4793
656,Constanta,Wharmby,cwharmbyi7@blinklist.com,497-671-1752
657,Faun,Blanning,fblanningi8@photobucket.com,983-327-1455
658,Myra,Jonah,mjonahi9@fastcompany.com,805-911-9744
659,Lari,Bowfin,lbowfinia@patch.com,385-940-6849
660,Siusan,O'Hallihane,sohallihaneib@sfgate.com,502-518-9380
661,Pete,Leer,pleeric@lycos.com,290-998-2517
662,Kerwin,Mithan,kmithanid@storify.com,986-336-0256
663,Phyllida,Crosher,pcrosherie@over-blog.com,254-960-9136
664,Charissa,Mogra,cmograif@cdbaby.com,552-621-1971
665,Crysta,Reames,creamesig@dell.com,267-292-8874
666,Joanne,Baress,jbaressih@bing.com,761-952-0390
667,Woodie,Padbery,wpadberyii@zdnet.com,737-663-6606
668,Grover,Petersen,gpetersenij@typepad.com,397-193-8802
669,Leo,Ventris,lventrisik@apache.org,768-961-5779
670,Lilli,Ostick,lostickil@bluehost.com,241-954-8241
671,Latrena,Casaccia,lcasacciaim@blogspot.com,401-294-0459
672,Ario,Skewis,askewisin@ifeng.com,637-927-7442
673,Raynell,Fouracre,rfouracreio@pagesperso-orange.fr,925-576-0800
674,Ebony,Filchagin,efilchaginip@zdnet.com,354-727-0764
675,,,,
676,Tamqrah,Dwire,tdwireir@360.cn,555-622-6171
677,Colan,Robjant,crobjantis@usgs.gov,614-341-0615
678,Caresse,Seally,cseallyit@forbes.com,990-375-1659
679,Luci,Faunt,lfauntiu@skype.com,163-746-6991
680,Tyler,Canet,tcanetiv@miibeian.gov.cn,758-459-0549
681,Noni,Schachter,nschachteriw@opera.com,209-794-4947
682,Amandi,Strutton,astruttonix@arizona.edu,550-581-3502
683,Elizabet,Vivien,evivieniy@unesco.org,973-192-6321
684,Karlen,Sollon,ksolloniz@tinyurl.com,517-257-7341
685,Merilyn,Grunwald,mgrunwaldj0@blog.com,545-611-7038
686,Anatollo,Roscamps,aroscampsj1@1688.com,889-978-4742
687,Devora,Acton,dactonj2@seattletimes.com,118-401-9086
688,Andriette,Marcussen,amarcussenj3@ucsd.edu,503-924-2701
689,Blane,Waller,bwallerj4@artisteer.com,234-471-4161
690,Kerwinn,Boulder,kboulderj5@samsung.com,575-312-6342
691,Gaultiero,Guerrin,gguerrinj6@photobucket.com,238-336-3730
692,Ramona,Peto,rpetoj7@scribd.com,135-703-1041
693,Uri,Antonsen,uantonsenj8@imgur.com,491-822-2666
694,Cele,Burwin,cburwinj9@nytimes.com,104-317-8280
695,Siobhan,Brantzen,sbrantzenja@posterous.com,662-266-9824
696,Mora,Ferriday,mferridayjb@dot.gov,939-428-5751
697,Normy,Kezar,nkezarjc@infoseek.co.jp,357-768-3187
698,Tuck,Leckie,tleckiejd@goo.ne.jp,862-568-1056
699,Ellwood,Roughey,erougheyje@de.vu,155-535-2535
700,Frank,Goosey,fgooseyjf@china.com.cn,257-678-6138
701,Adler,Del Castello,adelcastellojg@vistaprint.com,288-219-4860
702,Kaycee,Hamor,khamorjh@google.cn,283-561-0009
703,Chev,Axton,caxtonji@gov.uk,849-421-0921
704,Rania,Nutkin,rnutkinjj@plala.or.jp,575-686-8732
705,Beverlie,Ivanaev,bivanaevjk@nbcnews.com,194-670-7359
706,Fabien,Rostern,frosternjl@google.co.jp,189-203-8330
707,Monty,Bartlet,mbartletjm@google.com.hk,217-236-1732
708,Jozef,Pizer,jpizerjn@histats.com,168-693-2633
709,Pedro,Jackalin,pjackalinjo@dyndns.org,876-173-8162
710,Luis,Haighton,lhaightonjp@360.cn,560-403-1372
711,Chiarra,Blumsom,cblumsomjq@scientificamerican.com,784-773-7545
712,Barr,Crinson,bcrinsonjr@reddit.com,695-555-0940
713,Louie,Zuker,lzukerjs@ask.com,675-882-1320
714,Stacia,Ravenscraft,sravenscraftjt@noaa.gov,385-333-8054
715,Laney,Jedryka,ljedrykaju@rambler.ru,232-679-6357
716,Owen,Puzey,opuzeyjv@bandcamp.com,924-710-7581
717,Misty,Sidey,msideyjw@theglobeandmail.com,226-917-5202
718,Zora,Roggers,zroggersjx@chron.com,854-607-5322
719,Alec,McDowell,amcdowelljy@xrea.com,231-209-3885
720,Dulcinea,Huxstep,dhuxstepjz@sogou.com,383-293-4247
721,Wyatan,Oslar,woslark0@delicious.com,800-319-3158
722,Johnathon,McCaster,jmccasterk1@rakuten.co.jp,104-955-6571
723,Carce,Banbrigge,cbanbriggek2@delicious.com,418-943-1449
724,Batsheva,Afonso,bafonsok3@icio.us,292-835-7123
725,Bobbi,Clothier,bclothierk4@gmpg.org,288-296-3615
726,Calli,Weatherall,cweatherallk5@buzzfeed.com,162-410-2735
727,Judye,D'Aulby,jdaulbyk6@is.gd,608-207-4630
728,Gery,Hazeltine,ghazeltinek7@engadget.com,996-639-5036
729,Marissa,Anderl,manderlk8@symantec.com,370-692-0565
730,Karol,Storkes,kstorkesk9@nih.gov,155-900-2411
731,Claudia,Meaney,cmeaneyka@sogou.com,462-991-1994
732,Tammi,Bohden,tbohdenkb@deviantart.com,796-318-8424
733,Katti,Bosward,kboswardkc@miibeian.gov.cn,111-976-6669
734,Onfroi,de Clerc,odeclerckd@sfgate.com,259-257-2305
735,Tomasine,Woodrooffe,twoodrooffeke@php.net,218-511-8741
736,Gwendolin,Stovine,gstovinekf@meetup.com,980-721-3934
737,Jerrome,Swanson,jswansonkg@linkedin.com,519-961-0032
738,Edwin,Riddington,eriddingtonkh@reference.com,793-956-4055
739,Klement,Swale,kswaleki@engadget.com,772-768-3928
740,Edgardo,Kerby,ekerbykj@scientificamerican.com,349-995-1552
741,Tait,Malthouse,tmalthousekk@w3.org,100-473-5584
742,Barbie,Phateplace,bphateplacekl@cmu.edu,556-265-5570
743,Caldwell,Brayfield,cbrayfieldkm@rakuten.co.jp,794-399-6204
744,Gussie,Simanenko,gsimanenkokn@webnode.com,267-402-2605
745,Beverlee,Budgey,bbudgeyko@ca.gov,945-921-1104
746,Herve,Apted,haptedkp@yale.edu,475-122-8896
747,Griff,Dudny,gdudnykq@ezinearticles.com,144-822-2826
748,Jackqueline,Brotherton,jbrothertonkr@sun.com,928-910-4406
749,Hort,Bercher,hbercherks@livejournal.com,388-818-3676
750,Geri,Gorvette,ggorvettekt@umn.edu,604-978-0733
751,Hughie,Painten,hpaintenku@youtube.com,743-679-6677
752,Briney,Peedell,bpeedellkv@google.fr,445-896-4185
753,Rene,Carine,rcarinekw@whitehouse.gov,370-372-6753
754,Harlie,Callacher,hcallacherkx@godaddy.com,720-280-2331
755,Will,Ballister,wballisterky@cnbc.com,117-403-8381
756,Claudia,Hatherley,chatherleykz@github.io,484-920-6322
757,Isidora,Meiner,imeinerl0@slideshare.net,427-976-4731
758,Ardeen,Goodbanne,agoodbannel1@bandcamp.com,268-120-1280
759,Nell,Nowak,nnowakl2@fastcompany.com,735-276-4267
760,Riobard,Schoenfisch,rschoenfischl3@vistaprint.com,101-849-7331
761,Robinet,Lewzey,rlewzeyl4@trellian.com,481-568-6283
762,Bel,Burnet,bburnetl5@qq.com,752-737-4573
763,Hazlett,Chate,hchatel6@globo.com,298-772-6970
764,Yoshi,Tivolier,ytivolierl7@earthlink.net,123-603-6042
765,Lexy,Kemwal,lkemwall8@cmu.edu,243-566-4184
766,Hestia,Axel,haxell9@cdbaby.com,177-471-5937
767,Debera,Langham,dlanghamla@globo.com,619-730-9346
768,Zonnya,Twycross,ztwycrosslb@reddit.com,652-246-0031
769,Ursulina,Swayne,uswaynelc@geocities.com,416-584-6530
770,Borden,McNirlan,bmcnirlanld@g.co,196-952-1872
771,Kath,Kitchaside,kkitchasidele@yolasite.com,411-206-3716
772,Adolpho,Witsey,awitseylf@cargocollective.com,869-519-3990
773,Lynde,McNiven,lmcnivenlg@wunderground.com,156-623-0700
774,Stillmann,Scoular,sscoularlh@macromedia.com,816-915-1360
775,Maiga,Bisgrove,mbisgroveli@java.com,571-747-6933
776,Patten,Vayne,pvaynelj@angelfire.com,299-141-5171
777,Kelli,Cranshaw,kcranshawlk@ameblo.jp,171-290-0449
778,Emelia,Gawthorpe,egawthorpell@nationalgeographic.com,442-929-5078
779,Allene,Bartholat,abartholatlm@mit.edu,852-195-4792
780,Delmar,Burkwood,dburkwoodln@chronoengine.com,569-360-4870
781,Dun,Murgatroyd,dmurgatroydlo@livejournal.com,596-842-8342
782,Carmencita,Matfield,cmatfieldlp@comcast.net,126-961-0178
783,Elisha,Bedward,ebedwardlq@seesaa.net,598-863-1459
784,Rebeca,Parke,rparkelr@paypal.com,485-862-9399
785,Marwin,Fynn,mfynnls@dailymotion.com,840-414-5028
786,Rasla,Hullin,rhullinlt@imdb.com,647-398-4683
787,Renelle,Pottell,rpottelllu@gizmodo.com,796-947-4976
788,,,,248-563-4701
789,Fernande,Insall,finsalllw@whitehouse.gov,773-440-0830
790,Gisela,Heath,gheathlx@engadget.com,513-163-9898
791,Iorgo,Czajka,iczajkaly@aol.com,656-907-8541
792,Mayer,Dowrey,mdowreylz@hc360.com,330-526-9760
793,Keri,Jeckell,kjeckellm0@meetup.com,136-603-9600
794,Nickie,Lelliott,nlelliottm1@washington.edu,430-686-3522
795,,,tsanpherm2@usgs.gov,618-360-0368
796,Arlan,Wolters,awoltersm3@jiathis.com,607-863-8606
797,Drew,Nevill,dnevillm4@stanford.edu,441-941-7713
798,Koressa,Puffett,kpuffettm5@imdb.com,722-606-0215
799,Jessalin,Malins,jmalinsm6@accuweather.com,566-886-8261
800,Lucine,Boundey,lboundeym7@google.de,696-588-6142
801,Gert,Twelvetree,gtwelvetreem8@storify.com,258-117-2870
802,Shea,Varney,svarneym9@gov.uk,567-474-7873
803,Danica,Goffe,dgoffema@youtube.com,629-689-2207
804,Danila,Sammes,dsammesmb@feedburner.com,997-278-2968
805,Emmanuel,Mosco,emoscomc@accuweather.com,739-962-9638
806,Benedict,Maliffe,bmaliffemd@github.com,638-699-5934
807,Lucie,Lorne,llorneme@cbc.ca,899-357-7079
808,Randy,Cullabine,rcullabinemf@bbb.org,872-608-1481
809,Kipp,Mortlock,kmortlockmg@yelp.com,232-202-9415
810,Neile,Longthorne,nlongthornemh@networkadvertising.org,416-410-7967
811,Sapphira,Jenyns,sjenynsmi@is.gd,568-404-4287
812,Wallace,Melanaphy,wmelanaphymj@deliciousdays.com,903-948-2694
813,Lidia,Leathley,lleathleymk@reddit.com,658-638-8823
814,Noach,Proven,nprovenml@nhs.uk,169-225-0250
815,Thelma,Wickes,twickesmm@apple.com,906-518-5739
816,Lorne,Goranov,lgoranovmn@pen.io,219-408-3435
817,Doti,Kimmins,dkimminsmo@merriam-webster.com,862-958-3581
818,Freddy,Gouthier,fgouthiermp@weibo.com,918-661-8799
819,Ange,Blaxill,ablaxillmq@google.nl,255-413-9098
820,Chiquia,Craghead,ccragheadmr@sciencedirect.com,976-140-7560
821,Bambi,Surplice,bsurplicems@icq.com,811-459-9515
822,Sharyl,Jerok,sjerokmt@sourceforge.net,466-120-0081
823,Claudius,Breeton,cbreetonmu@shop-pro.jp,506-733-8092
824,Gabbi,Treuge,gtreugemv@hexun.com,516-804-0795
825,Nickolaus,Schimek,nschimekmw@deviantart.com,190-398-0392
826,Glori,Boutellier,gboutelliermx@joomla.org,386-145-6477
827,Mortimer,Gregore,mgregoremy@cdc.gov,971-377-4592
828,Melitta,Yanyshev,myanyshevmz@google.fr,218-542-9542
829,Rebecka,Glendinning,rglendinningn0@pcworld.com,313-866-0821
830,Drucy,McParland,dmcparlandn1@domainmarket.com,483-103-9671
831,Ash,Braney,abraneyn2@surveymonkey.com,168-553-7442
832,Jandy,Lowndsborough,jlowndsboroughn3@hc360.com,859-270-6878
833,Aland,Lackey,alackeyn4@bloglovin.com,917-894-8812
834,Chen,Wickendon,cwickendonn5@vimeo.com,336-193-0712
835,Dominica,Copplestone,dcopplestonen6@purevolume.com,968-414-2726
836,Algernon,Wedgwood,awedgwoodn7@indiegogo.com,507-655-0347
837,Malva,Bagniuk,mbagniukn8@shop-pro.jp,810-645-1242
838,Gaylord,Lynn,glynnn9@paypal.com,882-507-2398
839,Ailee,Sutherley,asutherleyna@cyberchimps.com,612-830-1888
840,Clim,Kilborn,ckilbornnb@constantcontact.com,905-918-9977
841,Linnea,Hauch,lhauchnc@nature.com,598-758-4212
842,Justina,Lanktree,jlanktreend@nih.gov,542-204-5376
843,Pavlov,Gosby,pgosbyne@bravesites.com,975-738-4644
844,Ilyse,Marryatt,imarryattnf@pen.io,841-137-8945
845,Hodge,Hunnicot,hhunnicotng@pcworld.com,833-739-2274
846,Kaleena,Mostin,kmostinnh@clickbank.net,680-967-4546
847,Sigismond,McVee,smcveeni@businesswire.com,330-350-1639
848,Sydney,Wabersinke,swabersinkenj@usgs.gov,456-770-3942
849,Brocky,Kensington,bkensingtonnk@webnode.com,744-623-1965
850,Davine,Jolley,djolleynl@slashdot.org,197-935-2184
851,Romain,Rahlof,rrahlofnm@huffingtonpost.com,187-455-3342
852,Stephenie,Lavrick,slavricknn@rediff.com,224-368-5240
853,Kessiah,Bumfrey,kbumfreyno@europa.eu,627-414-1043
854,Malinde,Lawful,mlawfulnp@cnn.com,281-726-8042
855,Janessa,Kindle,jkindlenq@free.fr,396-149-6823
856,Fraser,Birrel,fbirrelnr@163.com,386-695-7465
857,Way,Flook,wflookns@posterous.com,359-923-7404
858,Gena,Cranefield,gcranefieldnt@w3.org,215-295-2147
859,Emlyn,Dameisele,edameiselenu@blogtalkradio.com,595-271-2251
860,Ingamar,Seckom,iseckomnv@lulu.com,110-625-4240
861,Tamma,Jacquot,tjacquotnw@upenn.edu,510-687-0457
862,Maud,Sharrocks,msharrocksnx@bluehost.com,390-974-4641
863,Lyn,Fealey,lfealeyny@vinaora.com,325-465-2163
864,Serge,McGray,smcgraynz@google.it,866-398-6881
865,Andrew,Wilne,awilneo0@flavors.me,842-829-7646
866,Alena,Matuszak,amatuszako1@newsvine.com,324-998-2151
867,Abbye,Ough,aougho2@eepurl.com,454-907-5708
868,Jamey,Ivanilov,jivanilovo3@businessinsider.com,724-499-5611
869,Ulrich,Newnham,unewnhamo4@whitehouse.gov,100-440-6896
870,Bonnee,Mungane,bmunganeo5@forbes.com,626-954-9138
871,Hollis,Dresse,hdresseo6@sogou.com,716-902-0150
872,Maryann,Baudinelli,mbaudinellio7@cargocollective.com,481-921-6662
873,Raffaello,Graveston,rgravestono8@prlog.org,947-723-8820
874,Clark,Andreutti,candreuttio9@cdc.gov,214-360-1273
875,Zack,Vigne,zvigneoa@amazon.co.jp,607-403-3823
876,Rudolph,Beacon,rbeaconob@nymag.com,942-397-3973
877,Benedetto,Swinfen,bswinfenoc@nymag.com,456-715-9232
878,Archer,Scarf,ascarfod@pbs.org,221-718-4191
879,Floyd,Torpie,ftorpieoe@jugem.jp,495-268-8651
880,Bobby,Clawley,bclawleyof@latimes.com,719-382-2200
881,Brook,Bartoszewicz,bbartoszewiczog@t-online.de,562-817-5313
882,Mignonne,Doonican,mdoonicanoh@deliciousdays.com,165-556-9300
883,Davey,Wawer,dwaweroi@theguardian.com,920-188-8088
884,Cross,Morphew,cmorphewoj@dyndns.org,389-608-8643
885,Ferdinanda,Suttling,fsuttlingok@spotify.com,701-923-8545
886,Orelee,Jendrassik,ojendrassikol@go.com,498-671-1619
887,,,emccreeryom@free.fr,523-899-5440
888,Quincey,Pollak,qpollakon@amazon.co.jp,265-374-4695
889,Leilah,Sictornes,lsictornesoo@redcross.org,371-187-3173
890,Ivie,Baudinot,ibaudinotop@networkadvertising.org,961-317-8083
891,Faydra,Connochie,fconnochieoq@technorati.com,300-536-2355
892,Joni,Craigmile,jcraigmileor@arizona.edu,713-581-2114
893,Harwilll,Dillingham,hdillinghamos@last.fm,359-869-0159
894,Ginevra,Marchetti,gmarchettiot@baidu.com,795-122-1942
895,Natka,Pinchback,npinchbackou@lycos.com,688-132-6424
896,Quintin,Quigg,qquiggov@hp.com,649-746-1428
897,Erika,Kohrt,ekohrtow@ameblo.jp,216-250-1395
898,Charmain,Joskowitz,cjoskowitzox@rediff.com,125-216-2684
899,Bondy,Paoli,bpaolioy@surveymonkey.com,995-261-9920
900,Arv,Dear,adearoz@ehow.com,798-325-9047
901,Bernetta,Matissoff,bmatissoffp0@joomla.org,530-173-1387
902,Minnnie,Robak,mrobakp1@example.com,826-856-7744
903,Dolly,Berrie,dberriep2@bbc.co.uk,517-321-3936
904,Andriette,Maine,amainep3@desdev.cn,892-541-4667
905,Candra,Sutch,csutchp4@networkadvertising.org,679-520-3509
906,Eula,Yellowlea,eyellowleap5@craigslist.org,239-877-2370
907,Darlleen,Chartre,dchartrep6@msn.com,342-594-7463
908,Myrwyn,Cruddace,mcruddacep7@wisc.edu,245-232-2976
909,Zara,Gypps,zgyppsp8@bizjournals.com,309-131-5089
910,Ravi,Grindlay,rgrindlayp9@dion.ne.jp,417-337-8539
911,Elvira,Lovatt,elovattpa@booking.com,817-972-9092
912,Rodolfo,McKie,rmckiepb@msu.edu,827-576-5888
913,Adelaide,Martinets,amartinetspc@washingtonpost.com,311-446-9111
914,Laurette,Pincott,lpincottpd@t.co,399-387-9035
915,Noelani,Shawell,nshawellpe@yellowbook.com,362-234-8676
916,Leeland,Venning,lvenningpf@redcross.org,586-349-7126
917,Kirbee,McKerrow,kmckerrowpg@google.pl,943-443-4846
918,Addi,Lanahan,alanahanph@github.com,342-977-8688
919,Catarina,O' Neligan,coneliganpi@mit.edu,516-734-0545
920,Sephira,Kennet,skennetpj@mozilla.org,661-633-8628
921,Claretta,Pymer,cpymerpk@icq.com,323-580-4906
922,Bren,Ffoulkes,bffoulkespl@jugem.jp,527-695-5837
923,Vita,Celloni,vcellonipm@senate.gov,907-460-3734
924,Corabella,Forgie,cforgiepn@hhs.gov,126-603-1524
925,Wiley,Hawkins,whawkinspo@hostgator.com,425-430-6719
926,Rossy,Footer,rfooterpp@google.com.au,266-937-1548
927,Anderson,Pattrick,apattrickpq@wikispaces.com,980-258-7619
928,Hilliard,Mar,hmarpr@smh.com.au,113-338-8445
929,Ailene,Kubes,akubesps@vk.com,960-168-1579
930,Margaux,Becraft,mbecraftpt@smugmug.com,126-534-5652
931,Alisander,Moultrie,amoultriepu@nih.gov,713-673-7164
932,Eugenia,Vlasenko,evlasenkopv@ted.com,347-572-8843
933,Annemarie,Hulks,ahulkspw@cpanel.net,483-218-5312
934,Louella,Daburn,ldaburnpx@slideshare.net,770-801-5628
935,Elyse,Woodrooffe,ewoodrooffepy@drupal.org,435-751-7177
936,Domingo,Annand,dannandpz@edublogs.org,205-472-5927
937,Inigo,Culley,iculleyq0@cmu.edu,245-949-7858
938,Dorri,Rodson,drodsonq1@multiply.com,870-519-3396
939,Barbabra,Cody,bcodyq2@wp.com,862-306-0385
940,Verine,Brunsdon,vbrunsdonq3@illinois.edu,761-292-4416
941,Jaye,Leatherland,jleatherlandq4@php.net,151-363-2283
942,Adiana,Boomes,aboomesq5@ed.gov,175-269-3868
943,David,De Pietri,ddepietriq6@sfgate.com,865-828-8271
944,Cristobal,Durden,cdurdenq7@salon.com,195-725-8405
945,Constantine,Pawelek,cpawelekq8@netscape.com,221-414-1016
946,Josey,Fradgley,jfradgleyq9@wp.com,362-732-8171
947,Lavina,Catherick,lcatherickqa@furl.net,137-207-3394
948,Abigael,Blenkinship,ablenkinshipqb@ocn.ne.jp,577-593-9988
949,Mady,Hullin,mhullinqc@wufoo.com,762-923-2732
950,Carmela,Mellon,cmellonqd@aboutads.info,275-608-9990
951,Laural,Bealing,lbealingqe@go.com,463-319-8058
952,Adina,Davidai,adavidaiqf@51.la,139-883-9243
953,Yoshi,Langley,ylangleyqg@vk.com,437-248-3093
954,Val,Persehouse,vpersehouseqh@people.com.cn,960-110-9870
955,Marlane,Giovanardi,mgiovanardiqi@ed.gov,284-288-0688
956,Nikkie,Baxstair,nbaxstairqj@cnet.com,655-117-3883
957,Shaylyn,Surcombe,ssurcombeqk@cdbaby.com,326-474-9589
958,Vyky,Babber,vbabberql@slideshare.net,211-766-8951
959,Quincy,Franzelini,qfranzeliniqm@auda.org.au,554-971-6900
960,Almeda,Lagen,alagenqn@163.com,859-525-1775
961,Donnie,Kingswood,dkingswoodqo@addtoany.com,103-794-0588
962,Erik,McIllrick,emcillrickqp@eepurl.com,557-873-5240
963,Mirelle,Nisot,mnisotqq@indiegogo.com,856-973-7788
964,Carley,Preator,cpreatorqr@eventbrite.com,824-160-3294
965,Michaeline,Coughtrey,mcoughtreyqs@furl.net,199-106-8969
966,Adel,Hourstan,ahourstanqt@who.int,809-930-8256
967,Thomasin,Klulik,tklulikqu@liveinternet.ru,990-979-0033
968,Thomas,Germann,tgermannqv@sina.com.cn,451-424-7788
969,Fayette,O'Heagertie,foheagertieqw@tumblr.com,332-771-9546
970,Bryn,Deftie,bdeftieqx@quantcast.com,780-909-3764
971,Brand,Jeannon,bjeannonqy@list-manage.com,512-392-2303
972,Natividad,Meddemmen,nmeddemmenqz@sitemeter.com,810-832-0606
973,Pincas,Holson,pholsonr0@arstechnica.com,519-476-1163
974,Malynda,Rois,mroisr1@toplist.cz,594-416-9040
975,Marthena,Keble,mkebler2@amazon.com,808-878-0365
976,Stanton,Burkinshaw,sburkinshawr3@mlb.com,543-357-3498
977,Ebeneser,Malim,emalimr4@gravatar.com,444-960-9271
978,Janeva,Kilbey,jkilbeyr5@amazon.co.jp,661-841-2772
979,Christy,Satchel,csatchelr6@wordpress.com,972-410-7976
980,Reine,Whitelaw,rwhitelawr7@eepurl.com,754-961-4849
981,Shurwood,Hesse,shesser8@discuz.net,381-488-3351
982,Rafaellle,Copcutt,rcopcuttr9@intel.com,132-712-1291
983,Leopold,Coalbran,lcoalbranra@huffingtonpost.com,733-870-6066
984,Padraic,Stepto,psteptorb@theglobeandmail.com,482-349-8427
985,Olivette,Gascar,ogascarrc@rambler.ru,324-132-4463
986,Aldous,McCluskey,amccluskeyrd@nhs.uk,396-124-9237
987,Christos,Leek,cleekre@harvard.edu,703-285-8415
988,Christyna,Betser,cbetserrf@hubpages.com,712-752-7515
989,Louie,Zanini,lzaninirg@google.com.br,279-244-3308
990,Lexy,Gerred,lgerredrh@merriam-webster.com,907-851-8995
991,Luther,Cupper,lcupperri@multiply.com,367-590-5326
992,Jason,Carus,jcarusrj@oaic.gov.au,771-514-8904
993,Linnea,Beddall,lbeddallrk@arstechnica.com,512-880-9411
994,Erskine,Burgoyne,eburgoynerl@businessinsider.com,782-101-3465
995,Aland,Dury,aduryrm@i2i.jp,611-377-4639
996,Brandon,Drache,bdrachern@topsy.com,339-288-6078
997,Akim,McKerrow,amckerrowro@symantec.com,433-564-9352
998,Ellie,Aslott,easlottrp@scribd.com,701-481-7945
999,Raine,Grishukhin,rgrishukhinrq@miibeian.gov.cn,198-877-8916
1000,Odele,Le Franc,olefrancrr@un.org,132-258-9630
1001,Kelwin,Gillice,kgilliceg2@dell.com,534-371-8869
1002,Rahal,Crallan,rcrallang3@goo.gl,921-738-5334
1003,Callean,Olivera,coliverag4@sciencedirect.com,545-344-9226
1004,Glenden,Yeld,gyeldg5@e-recht24.de,808-883-9882
1005,Laurice,Aronovich,laronovichg6@smugmug.com,297-862-5434
1006,Jaimie,Spinello,jspinellog7@de.vu,320-123-1424
1007,Derrik,Frankland,dfranklandg8@illinois.edu,996-274-9617
